{"iteration-time":17.268858909606934,"_wandb":{"runtime":883},"_runtime":883.745153843,"tokens-per-sec-per-gpu":15180.157610423537,"_step":50,"throughput":703.3487352993257,"_timestamp":1.7792390220722387e+09}