{"_runtime":1030.545131803,"_step":50,"throughput":604.6743667089657,"_timestamp":1.7793019551937685e+09,"tokens-per-sec-per-gpu":13050.499316983614,"iteration-time":20.086894273757935,"_wandb":{"runtime":1030}}