{"iteration-time":25.17222309112549,"_wandb":{"runtime":1245},"_runtime":1245.378741702,"_step":50,"throughput":482.51717896210096,"_timestamp":1.7791446361905053e+09,"tokens-per-sec-per-gpu":10414.018620882925}