{"_wandb":{"runtime":662},"_runtime":662.558872906,"_step":50,"throughput":461.6903528888211,"_timestamp":1.779392066979056e+09,"tokens-per-sec-per-gpu":20365.270137144893,"iteration-time":12.87211012840271}