{"_wandb":{"runtime":1344},"_runtime":1344.880111903,"_step":50,"throughput":456.83893454222977,"_timestamp":1.7792400448930132e+09,"tokens-per-sec-per-gpu":9859.813035673853,"iteration-time":26.587116718292236}