{"_wandb":{"runtime":2862},"tokens-per-sec-per-gpu":18277.282109720956,"_step":50,"throughput":414.3546719615787,"_timestamp":1.7799861590023875e+09,"iteration-time":57.370455503463745,"_runtime":2862.348252424}