{"iteration-time":16.36729860305786,"_wandb":{"runtime":854},"_runtime":854.97787575,"throughput":742.0913107716698,"_timestamp":1.7799838387812142e+09,"tokens-per-sec-per-gpu":16016.326600837128,"_step":50}