{"_runtime":3130.951430843,"throughput":413.52428478680645,"_timestamp":1.7793175687848341e+09,"tokens-per-sec-per-gpu":2100.772351106358,"_step":50,"iteration-time":62.39229106903076,"_wandb":{"runtime":3130}}