{"iteration-time":9.129690885543823,"_wandb":{"runtime":495},"_runtime":495.787849835,"tokens-per-sec-per-gpu":28713.34892784653,"_step":50,"throughput":650.9452666153456,"_timestamp":1.7793919018100572e+09}