{"_step":50,"throughput":456.5429189757571,"_timestamp":1.7799859024856899e+09,"tokens-per-sec-per-gpu":20138.215615652876,"iteration-time":52.068962812423706,"_runtime":2606.346896725,"_wandb":{"runtime":2606}}