{"tokens-per-sec-per-gpu":15332.07569031749,"iteration-time":17.097750186920166,"_runtime":896.351106687,"_wandb":{"runtime":896},"_step":50,"throughput":710.387620672238,"_timestamp":1.7799281831202683e+09}