{"_step":50,"throughput":399.17525662297743,"_timestamp":1.779317787148993e+09,"iteration-time":64.63508725166321,"_runtime":3242.011664582,"_wandb":{"runtime":3242},"tokens-per-sec-per-gpu":2027.8768943199225}