{"tokens-per-sec-per-gpu":15982.460264288227,"_step":50,"throughput":740.522167315311,"iteration-time":8.200990200042725,"_runtime":441.40698123,"_wandb":{"runtime":441},"_timestamp":1.7799286927555308e+09}