{"iteration-time":8.21653962135315,"_wandb":{"runtime":443},"_runtime":443.332859985,"tokens-per-sec-per-gpu":15952.21419724795,"_step":50,"throughput":739.120763354528,"_timestamp":1.7799830500011728e+09}